{"cameraMode":{"drawMode":0,"name":"Shaded","section":"Shading Mode"},"sceneLighting":true,"audioPlay":false,"sceneViewState":{"showFog":true,"showMaterialUpdate":false,"showSkybox":true,"showFlares":true,"showImageEffects":true,"showParticleSystems":true},"in2DMode":false,"pivot":{"x":52.35125732421875,"y":169.11273193359376,"z":-10.988563537597657},"rotation":{"x":-0.13698264956474305,"y":-0.5210484266281128,"z":0.08515516668558121,"w":-0.8381544351577759},"size":756.3528442382813,"orthographic":false}