{"cameraMode":{"drawMode":0,"name":"Shaded","section":"Shading Mode"},"sceneLighting":true,"audioPlay":false,"sceneViewState":{"showFog":true,"showMaterialUpdate":false,"showSkybox":true,"showFlares":true,"showImageEffects":true,"showParticleSystems":true},"in2DMode":false,"pivot":{"x":0.08718546479940415,"y":2.8686639552688577e-7,"z":9.992025375366211},"rotation":{"x":0.02996470220386982,"y":0.04556584730744362,"z":-0.0013657596427947283,"w":0.9985130429267883},"size":224.02197265625,"orthographic":true}