{"cameraMode":{"drawMode":0,"name":"Shaded","section":"Shading Mode"},"sceneLighting":false,"audioPlay":false,"sceneViewState":{"showFog":true,"showMaterialUpdate":false,"showSkybox":true,"showFlares":true,"showImageEffects":true,"showParticleSystems":true},"in2DMode":false,"pivot":{"x":-87.9669418334961,"y":-37.39801025390625,"z":-165.7868194580078},"rotation":{"x":-0.030954377725720407,"y":0.9647299647331238,"z":-0.13251043856143952,"w":-0.22536759078502656},"size":219.25209045410157,"orthographic":false}