{"cameraMode":{"drawMode":0,"name":"Shaded","section":"Shading Mode"},"sceneLighting":false,"audioPlay":false,"sceneViewState":{"showFog":true,"showMaterialUpdate":false,"showSkybox":true,"showFlares":true,"showImageEffects":true,"showParticleSystems":true},"in2DMode":false,"pivot":{"x":0.0,"y":1.964995265007019,"z":6.14999532699585},"rotation":{"x":-0.0047980789095163349,"y":0.9878348112106323,"z":-0.15232984721660615,"w":-0.03111845813691616},"size":21.559839248657228,"orthographic":false}