{"cameraMode":{"drawMode":0,"name":"Shaded","section":"Shading Mode"},"sceneLighting":false,"audioPlay":false,"sceneViewState":{"showFog":true,"showMaterialUpdate":false,"showSkybox":true,"showFlares":true,"showImageEffects":true,"showParticleSystems":true},"in2DMode":false,"pivot":{"x":-0.70947265625,"y":0.384765625,"z":0.02056884765625},"rotation":{"x":0.11303415894508362,"y":0.41084638237953188,"z":-0.051417138427495959,"w":0.9032127261161804},"size":10.621521949768067,"orthographic":true}