{"cameraMode":{"drawMode":0,"name":"Shaded","section":"Shading Mode"},"sceneLighting":false,"audioPlay":false,"sceneViewState":{"showFog":true,"showMaterialUpdate":false,"showSkybox":true,"showFlares":true,"showImageEffects":true,"showParticleSystems":true},"in2DMode":false,"pivot":{"x":-0.0008330345153808594,"y":4.976504325866699,"z":0.01231241226196289},"rotation":{"x":0.021831724792718889,"y":0.7204045653343201,"z":-0.022700298577547075,"w":0.6928427219390869},"size":38.48318099975586,"orthographic":true}