{"cameraMode":{"drawMode":0,"name":"Shaded","section":"Shading Mode"},"sceneLighting":false,"audioPlay":false,"sceneViewState":{"showFog":true,"showMaterialUpdate":false,"showSkybox":true,"showFlares":true,"showImageEffects":true,"showParticleSystems":true},"in2DMode":false,"pivot":{"x":-12.22872257232666,"y":-62.20891571044922,"z":-189.4171905517578},"rotation":{"x":-0.0047980789095163349,"y":0.9878348112106323,"z":-0.15232984721660615,"w":-0.03111845813691616},"size":443.31158447265627,"orthographic":false}