{"cameraMode":{"drawMode":0,"name":"Shaded","section":"Shading Mode"},"sceneLighting":false,"audioPlay":false,"sceneViewState":{"showFog":true,"showMaterialUpdate":false,"showSkybox":true,"showFlares":true,"showImageEffects":true,"showParticleSystems":true},"in2DMode":false,"pivot":{"x":-7.449999809265137,"y":4.460000038146973,"z":-55.31999969482422},"rotation":{"x":0.18935061991214753,"y":0.2082478553056717,"z":-0.041131794452667239,"w":0.9586922526359558},"size":0.00006008454874972813,"orthographic":true}