{"cameraMode":{"drawMode":0,"name":"Shaded","section":"Shading Mode"},"sceneLighting":false,"audioPlay":false,"sceneViewState":{"showFog":true,"showMaterialUpdate":false,"showSkybox":true,"showFlares":true,"showImageEffects":true,"showParticleSystems":true},"in2DMode":false,"pivot":{"x":7.105780124664307,"y":15.386844635009766,"z":-18.151844024658204},"rotation":{"x":-0.2037018984556198,"y":0.3222275674343109,"z":-0.07121282815933228,"w":-0.9217444062232971},"size":1.3190093040466309,"orthographic":false}