{"cameraMode":{"drawMode":0,"name":"Shaded","section":"Shading Mode"},"sceneLighting":true,"audioPlay":false,"sceneViewState":{"showFog":true,"showMaterialUpdate":false,"showSkybox":true,"showFlares":true,"showImageEffects":true,"showParticleSystems":true},"in2DMode":false,"pivot":{"x":-11.09589672088623,"y":4.081949710845947,"z":-8.899267196655274},"rotation":{"x":-0.13823971152305604,"y":-0.5209200978279114,"z":0.08593665063381195,"w":-0.8379480242729187},"size":9.334210395812989,"orthographic":false}